{
  "timestamp": "2026-01-14T00:28:08",
  "config": {
    "iterations": 100,
    "samples": 256
  },
  "stats": {
    "mean_ms": 5.773111009038985,
    "std_ms": 0.4419741405893709,
    "min_ms": 5.0717000849545,
    "max_ms": 7.5575001537799835,
    "throughput_tps": 173.2168320398301
  }
}